{"train_loss": [1.9102758169174194, 1.8983819484710693, 1.896640658378601, 1.8934218883514404, 1.9063239097595215, 1.9424946308135986, 1.9110708236694336, 1.887764811515808, 1.8820682764053345, 1.8791682720184326, 1.8454440832138062, 1.8339276313781738], "train_acc": [24.34368133544922, 25.126670837402344, 25.036191940307617, 25.029233932495117, 21.634187698364258, 14.704203605651855, 20.962554931640625, 24.768234252929688, 25.064029693603516, 24.942232131958008, 25.523386001586914, 25.79134178161621], "test_loss": [1.9134372472763062, 1.8988972902297974, 1.9001538753509521, 1.8982754945755005, 1.9459086656570435, 1.9456768035888672, 1.9049028158187866, 1.9010645151138306, 1.900558590888977, 1.8831313848495483, 1.8608464002609253, 1.8596111536026], "test_acc": [24.52986717224121, 24.52986717224121, 24.52986717224121, 24.52986717224121, 13.545353889465332, 13.877211570739746, 24.032079696655273, 24.55752182006836, 24.52986717224121, 24.52986717224121, 24.52986717224121, 24.52986717224121]}