{"train_loss": [1.9019274711608887, 1.895896077156067, 1.8862652778625488, 1.8950459957122803, 1.9127470254898071, 1.9416990280151367, 1.945920705795288, 1.945920705795288, 1.945920705795288, 1.945920705795288, 1.945920705795288, 1.945920705795288, 1.945920705795288, 1.945920705795288, 1.945920705795288], "train_acc": [24.92135238647461, 25.126670837402344, 25.050111770629883, 22.271018981933594, 20.071687698364258, 14.653396606445312, 13.940006256103516, 13.940006256103516, 13.940006256103516, 13.940006256103516, 13.940006256103516, 13.940006256103516, 13.940006256103516, 13.940006256103516, 13.940006256103516], "test_loss": [1.9043099880218506, 1.905773401260376, 1.8860491514205933, 1.9086843729019165, 1.929457664489746, 1.9459086656570435, 1.9459086656570435, 1.9459086656570435, 1.9459086656570435, 1.9459086656570435, 1.9459086656570435, 1.9459086656570435, 1.9459086656570435, 1.9459086656570435, 1.9459086656570435], "test_acc": [24.52986717224121, 24.52986717224121, 24.52986717224121, 20.890487670898438, 16.725664138793945, 13.545353889465332, 13.545353889465332, 13.545353889465332, 13.545353889465332, 13.545353889465332, 13.545353889465332, 13.545353889465332, 13.545353889465332, 13.545353889465332, 13.545353889465332]}