{"train_loss": [1.8848589658737183, 1.8727927207946777, 1.8635560274124146, 1.8572264909744263, 1.8548004627227783, 1.8523669242858887, 1.8325921297073364, 1.7872689962387085, 1.7624468803405762, 1.7282787561416626, 1.6561681032180786, 1.6275097131729126, 1.571705937385559, 1.4937578439712524, 1.4330945014953613, 1.3923269510269165], "train_acc": [24.25320053100586, 25.105792999267578, 25.095352172851562, 25.011831283569336, 24.987472534179688, 25.22062873840332, 26.20197868347168, 29.08686065673828, 30.12040901184082, 30.14824676513672, 33.00877380371094, 35.0863037109375, 37.29259490966797, 40.83658218383789, 43.431236267089844, 45.05080795288086], "test_loss": [1.8798112869262695, 1.874368667602539, 1.8719807863235474, 1.8717519044876099, 1.8826649188995361, 1.8762743473052979, 1.9047008752822876, 1.7991061210632324, 1.7796658277511597, 1.6934255361557007, 1.7138394117355347, 1.6471668481826782, 1.6157348155975342, 1.5627062320709229, 1.469290018081665, 1.4430075883865356], "test_acc": [24.52986717224121, 24.52986717224121, 24.52986717224121, 24.52986717224121, 24.502212524414062, 24.640487670898438, 25.575220108032227, 29.435840606689453, 30.320796966552734, 30.846237182617188, 32.72677230834961, 35.10508728027344, 38.36836242675781, 39.004425048828125, 43.57854080200195, 44.79535675048828]}