{"train_loss": [1.8275781869888306, 1.8162918090820312, 1.812211036682129, 1.7909139394760132, 1.7667118310928345, 1.6944596767425537, 1.6195119619369507, 1.5719925165176392, 1.541791558265686, 1.4935240745544434, 1.446618914604187, 1.409564733505249, 1.3780196905136108, 1.3455501794815063, 1.3173134326934814, 1.2955057621002197, 1.2677373886108398, 1.2423443794250488, 1.2194398641586304], "train_acc": [24.778675079345703, 25.109270095825195, 24.96659278869629, 24.903953552246094, 26.97800636291504, 30.9117488861084, 34.75849151611328, 36.955039978027344, 38.0734977722168, 39.73830795288086, 41.29037094116211, 42.34827423095703, 43.326141357421875, 44.192649841308594, 45.05568313598633, 45.858158111572266, 46.72397232055664, 47.79092788696289, 48.587833404541016], "test_loss": [1.830139398574829, 1.818517804145813, 1.8059957027435303, 1.78834867477417, 1.7713667154312134, 1.6830230951309204, 1.626950979232788, 1.5759458541870117, 1.5486401319503784, 1.455801010131836, 1.4288994073867798, 1.4418344497680664, 1.4297147989273071, 1.403885841369629, 1.4020048379898071, 1.5094776153564453, 1.4099153280258179, 1.4422410726547241, 1.420374870300293], "test_acc": [24.52986717224121, 24.52986717224121, 24.52986717224121, 25.21570587158203, 28.550884246826172, 32.95907211303711, 35.9623908996582, 37.54977798461914, 37.85398483276367, 40.67477798461914, 41.42146301269531, 42.14048767089844, 42.029869079589844, 42.36172866821289, 42.4446907043457, 41.36614990234375, 43.30199432373047, 44.51880645751953, 44.142696380615234]}