{"train_loss": [1.8183058500289917, 1.766120433807373, 1.5990548133850098, 1.4794572591781616, 1.404525637626648, 1.3307079076766968, 1.2559281587600708, 1.1890394687652588, 1.1320308446884155, 1.0802446603775024, 1.02773118019104, 0.9810211062431335, 0.9326345920562744, 0.8888460397720337, 0.8404545187950134, 0.7960740923881531, 0.740912675857544, 0.7019051313400269, 0.6526196599006653, 0.619270384311676, 0.5733299255371094, 0.5451061129570007, 0.5030286312103271, 0.4713369309902191, 0.4372512102127075, 0.41843193769454956, 0.3866136968135834, 0.3646010160446167, 0.33864668011665344, 0.32017701864242554], "train_acc": [24.315841674804688, 27.037166595458984, 36.18179702758789, 41.272972106933594, 44.60885238647461, 48.282989501953125, 51.56110382080078, 54.64643859863281, 56.784523010253906, 58.790367126464844, 60.6765022277832, 62.576560974121094, 64.39309692382812, 66.10523223876953, 67.95657348632812, 69.35551452636719, 71.82975769042969, 73.51753997802734, 75.17052459716797, 76.35022735595703, 78.45211791992188, 79.43694305419922, 80.91244506835938, 82.41230773925781, 83.60245513916016, 84.18917083740234, 85.64518737792969, 86.44905853271484, 87.37820434570312, 88.34771728515625], "test_loss": [1.8174046277999878, 1.7150501012802124, 1.5681781768798828, 1.486878752708435, 1.4294847249984741, 1.3439257144927979, 1.3228421211242676, 1.3275662660598755, 1.3107645511627197, 1.2926815748214722, 1.2669354677200317, 1.380757451057434, 1.3234407901763916, 1.3392411470413208, 1.397790789604187, 1.4688310623168945, 1.5254751443862915, 1.5852864980697632, 1.7086474895477295, 1.7529540061950684, 1.768425464630127, 1.8553954362869263, 1.9142875671386719, 2.0609374046325684, 2.1525537967681885, 2.0784575939178467, 2.2302122116088867, 2.188472270965576, 2.3806474208831787, 2.383021354675293], "test_acc": [24.52986717224121, 33.02544021606445, 37.82632827758789, 40.81305694580078, 42.80420684814453, 47.311946868896484, 48.29092788696289, 48.73340606689453, 50.005531311035156, 51.47124099731445, 52.60508728027344, 51.16703414916992, 51.83074951171875, 50.91813659667969, 51.67588424682617, 50.97344970703125, 51.11172103881836, 51.22234344482422, 51.4988899230957, 50.5696907043457, 51.13937759399414, 51.1946907043457, 50.08849334716797, 49.96128463745117, 49.67367172241211, 50.54203414916992, 50.42034912109375, 49.57411193847656, 49.25885009765625, 50.44800567626953]}