{"train_loss": [1.8266037753883244, 1.8149739327012668, 1.8118904079031124, 1.8089371934040548, 1.80488009273273, 1.8038594956150364, 1.8006319855318254, 1.7989492296130312, 1.7976563043149896, 1.7966608058206672, 1.7898211141893112, 1.7872032934713564, 1.785857901569361, 1.7916192876004995, 1.7602030278090968, 1.6887234060852923, 1.559741955295269, 1.395564078695037, 1.236517331198991, 1.034814547793179], "train_acc": [0.2434776550907381, 0.24985196279912222, 0.24992162736424117, 0.2507924344282281, 0.25006095649447907, 0.25128008638406074, 0.2511059249712634, 0.2505137761677523, 0.2519767320352503, 0.2537183461632241, 0.2548329792051273, 0.2554251280086384, 0.25601727681214953, 0.2539621721411404, 0.2686265630986799, 0.30572294402452194, 0.3678985683931868, 0.43874743111916126, 0.5053467553728797, 0.6009613709986416], "val_loss": [1.8085270022309634, 1.8110230451309106, 1.8074907345106157, 1.8050364929176899, 1.8022812922109166, 1.8010212894800015, 1.805286768785457, 1.802308823744146, 1.8021029561102042, 1.8023599512765054, 1.800362505265749, 1.8004373770033826, 1.7998380451755094, 1.7935777114406872, 1.7918752762360572, 1.8261736248090228, 1.9393696428906388, 2.081193877050358, 2.3317082848313726, 2.362732390900381], "val_acc": [0.24742268041237114, 0.24714405126776262, 0.24714405126776262, 0.2468654221231541, 0.25048760100306494, 0.24714405126776262, 0.2521593758707161, 0.25048760100306494, 0.24965171356923938, 0.2499303427138479, 0.24853719699080526, 0.24770130955697967, 0.24853719699080526, 0.2557815547506269, 0.2532738924491502, 0.24575090554471998, 0.24101421008637505, 0.24185009752020062, 0.21342992477013098, 0.2329339648927278]}