{"train_loss": [1.8795812129974365, 1.873681664466858, 1.8737742900848389, 1.8721176385879517, 1.8657491207122803, 1.801188349723816, 1.7638838291168213, 1.6996424198150635, 1.6505532264709473, 1.5531710386276245, 1.4880536794662476, 1.4430736303329468, 1.4000935554504395, 1.3639750480651855], "train_acc": [24.942232131958008, 25.081432342529297, 25.112751007080078, 25.119709014892578, 25.140588760375977, 25.140588760375977, 27.03020477294922, 30.1517276763916, 32.483299255371094, 37.26614761352539, 40.04524230957031, 41.858299255371094, 43.312225341796875, 44.28034591674805], "test_loss": [1.883236050605774, 1.9178857803344727, 1.876200556755066, 1.876785159111023, 1.864679217338562, 1.794892430305481, 1.7668802738189697, 1.674454689025879, 1.617737889289856, 1.5138161182403564, 1.475189208984375, 1.4695078134536743, 1.4805002212524414, 1.4265633821487427], "test_acc": [24.502212524414062, 19.386062622070312, 24.52986717224121, 24.52986717224121, 24.585176467895508, 24.52986717224121, 29.723453521728516, 31.648231506347656, 34.82854080200195, 39.1980094909668, 40.97898483276367, 41.5873908996582, 41.00664138793945, 42.638275146484375]}