{"train_loss": [1.946280598640442, 1.945920705795288, 1.945920705795288, 1.945920705795288, 1.945920705795288, 1.945920705795288, 1.945920705795288, 1.945920705795288, 1.945920705795288, 1.945920705795288, 1.945920705795288, 1.945920705795288, 1.945920705795288], "train_acc": [14.061803817749023, 13.940006256103516, 13.940006256103516, 13.940006256103516, 13.940006256103516, 13.940006256103516, 13.940006256103516, 13.940006256103516, 13.940006256103516, 13.940006256103516, 13.940006256103516, 13.940006256103516, 13.940006256103516], "test_loss": [1.9459086656570435, 1.9459086656570435, 1.9459086656570435, 1.9459086656570435, 1.9459086656570435, 1.9459086656570435, 1.9459086656570435, 1.9459086656570435, 1.9459086656570435, 1.9459086656570435, 1.9459086656570435, 1.9459086656570435, 1.9459086656570435], "test_acc": [13.545353889465332, 13.545353889465332, 13.545353889465332, 13.545353889465332, 13.545353889465332, 13.545353889465332, 13.545353889465332, 13.545353889465332, 13.545353889465332, 13.545353889465332, 13.545353889465332, 13.545353889465332, 13.545353889465332]}