{"train_loss": [1.885155439376831, 1.8712257146835327, 1.8693262338638306, 1.8640539646148682, 1.857339859008789, 1.8521133661270142, 1.8129818439483643, 1.7640385627746582, 1.691996455192566, 1.6300491094589233, 1.5679295063018799, 1.517679214477539, 1.479017734527588, 1.4481598138809204, 1.4234076738357544], "train_acc": [24.750835418701172, 25.08491325378418, 24.983993530273438, 25.095352172851562, 25.304147720336914, 25.314586639404297, 28.30735206604004, 30.51851463317871, 34.49958419799805, 37.3649787902832, 39.967987060546875, 42.0128059387207, 43.16119384765625, 44.63460922241211, 45.31319808959961], "test_loss": [1.9087566137313843, 1.8794094324111938, 1.8765175342559814, 1.8619226217269897, 1.866206169128418, 1.8433854579925537, 1.7810859680175781, 1.733379602432251, 1.6593858003616333, 1.584098219871521, 1.549911618232727, 1.5245201587677002, 1.4999696016311646, 1.5058194398880005, 1.4786232709884644], "test_acc": [19.839603424072266, 24.52986717224121, 24.52986717224121, 24.52986717224121, 24.52986717224121, 27.870574951171875, 29.380529403686523, 33.66703796386719, 36.675880432128906, 39.496681213378906, 41.504425048828125, 41.91925048828125, 41.753318786621094, 41.6427001953125, 43.74447250366211]}