{"train_loss": [1.8852250576019287, 1.8810524940490723, 1.872950792312622, 1.8708959817886353, 1.878616213798523, 1.8752577304840088, 1.876268982887268, 1.870577335357666, 1.8696486949920654, 1.8743139505386353, 1.8850091695785522, 1.8912125825881958, 1.8763988018035889, 1.8755005598068237, 1.866560697555542], "train_acc": [23.80428695678711, 24.30191993713379, 24.77032470703125, 23.78131866455078, 24.073637008666992, 23.788278579711914, 23.78340721130371, 23.915647506713867, 24.774499893188477, 24.108434677124023, 22.067094802856445, 21.514476776123047, 23.27672576904297, 23.26141357421875, 24.267122268676758], "test_loss": [1.8818879127502441, 1.893221139907837, 1.87781822681427, 1.8773597478866577, 1.8773410320281982, 1.8903729915618896, 1.873098373413086, 1.8869165182113647, 1.8799711465835571, 1.8828585147857666, 1.907753586769104, 1.8880904912948608, 1.9422852993011475, 1.8867875337600708, 1.8846558332443237], "test_acc": [24.253318786621094, 23.202434539794922, 23.794248580932617, 24.363937377929688, 23.561946868896484, 23.64491081237793, 24.52986717224121, 23.257741928100586, 24.33628273010254, 23.794248580932617, 21.08407211303711, 22.3561954498291, 13.86614990234375, 22.992258071899414, 23.877212524414062]}